--
-- PostgreSQL database dump
--

-- Dumped from database version 17.0
-- Dumped by pg_dump version 17.0

SET statement_timeout = 0;
SET lock_timeout = 0;
SET idle_in_transaction_session_timeout = 0;
SET transaction_timeout = 0;
SET client_encoding = 'UTF8';
SET standard_conforming_strings = on;
SELECT pg_catalog.set_config('search_path', '', false);
SET check_function_bodies = false;
SET xmloption = content;
SET client_min_messages = warning;
SET row_security = off;

SET default_tablespace = '';

SET default_table_access_method = heap;

--
-- Name: aircraft; Type: TABLE; Schema: public; Owner: avia
--

CREATE TABLE public.aircraft (
    id bigint NOT NULL,
    model character varying(30) NOT NULL
);


ALTER TABLE public.aircraft OWNER TO avia;

--
-- Name: aircraft_id_seq; Type: SEQUENCE; Schema: public; Owner: avia
--

ALTER TABLE public.aircraft ALTER COLUMN id ADD GENERATED BY DEFAULT AS IDENTITY (
    SEQUENCE NAME public.aircraft_id_seq
    START WITH 1
    INCREMENT BY 1
    NO MINVALUE
    NO MAXVALUE
    CACHE 1
);


--
-- Name: airport; Type: TABLE; Schema: public; Owner: avia
--

CREATE TABLE public.airport (
    id bigint NOT NULL,
    airport_name text NOT NULL,
    city text NOT NULL,
    iata_code character varying(3) NOT NULL
);


ALTER TABLE public.airport OWNER TO avia;

--
-- Name: airport_id_seq; Type: SEQUENCE; Schema: public; Owner: avia
--

ALTER TABLE public.airport ALTER COLUMN id ADD GENERATED BY DEFAULT AS IDENTITY (
    SEQUENCE NAME public.airport_id_seq
    START WITH 1
    INCREMENT BY 1
    NO MINVALUE
    NO MAXVALUE
    CACHE 1
);


--
-- Name: auth_group; Type: TABLE; Schema: public; Owner: avia
--

CREATE TABLE public.auth_group (
    id integer NOT NULL,
    name character varying(150) NOT NULL
);


ALTER TABLE public.auth_group OWNER TO avia;

--
-- Name: auth_group_id_seq; Type: SEQUENCE; Schema: public; Owner: avia
--

ALTER TABLE public.auth_group ALTER COLUMN id ADD GENERATED BY DEFAULT AS IDENTITY (
    SEQUENCE NAME public.auth_group_id_seq
    START WITH 1
    INCREMENT BY 1
    NO MINVALUE
    NO MAXVALUE
    CACHE 1
);


--
-- Name: auth_group_permissions; Type: TABLE; Schema: public; Owner: avia
--

CREATE TABLE public.auth_group_permissions (
    id bigint NOT NULL,
    group_id integer NOT NULL,
    permission_id integer NOT NULL
);


ALTER TABLE public.auth_group_permissions OWNER TO avia;

--
-- Name: auth_group_permissions_id_seq; Type: SEQUENCE; Schema: public; Owner: avia
--

ALTER TABLE public.auth_group_permissions ALTER COLUMN id ADD GENERATED BY DEFAULT AS IDENTITY (
    SEQUENCE NAME public.auth_group_permissions_id_seq
    START WITH 1
    INCREMENT BY 1
    NO MINVALUE
    NO MAXVALUE
    CACHE 1
);


--
-- Name: auth_permission; Type: TABLE; Schema: public; Owner: avia
--

CREATE TABLE public.auth_permission (
    id integer NOT NULL,
    name character varying(255) NOT NULL,
    content_type_id integer NOT NULL,
    codename character varying(100) NOT NULL
);


ALTER TABLE public.auth_permission OWNER TO avia;

--
-- Name: auth_permission_id_seq; Type: SEQUENCE; Schema: public; Owner: avia
--

ALTER TABLE public.auth_permission ALTER COLUMN id ADD GENERATED BY DEFAULT AS IDENTITY (
    SEQUENCE NAME public.auth_permission_id_seq
    START WITH 1
    INCREMENT BY 1
    NO MINVALUE
    NO MAXVALUE
    CACHE 1
);


--
-- Name: booking; Type: TABLE; Schema: public; Owner: avia
--

CREATE TABLE public.booking (
    id bigint NOT NULL,
    passengers integer NOT NULL,
    total_price numeric(10,2) NOT NULL,
    created_at timestamp with time zone NOT NULL,
    user_id bigint NOT NULL,
    flight_id bigint NOT NULL,
    tariff_id bigint NOT NULL,
    CONSTRAINT booking_passengers_check CHECK ((passengers >= 0))
);


ALTER TABLE public.booking OWNER TO avia;

--
-- Name: booking_id_seq; Type: SEQUENCE; Schema: public; Owner: avia
--

ALTER TABLE public.booking ALTER COLUMN id ADD GENERATED BY DEFAULT AS IDENTITY (
    SEQUENCE NAME public.booking_id_seq
    START WITH 1
    INCREMENT BY 1
    NO MINVALUE
    NO MAXVALUE
    CACHE 1
);


--
-- Name: django_admin_log; Type: TABLE; Schema: public; Owner: avia
--

CREATE TABLE public.django_admin_log (
    id integer NOT NULL,
    action_time timestamp with time zone NOT NULL,
    object_id text,
    object_repr character varying(200) NOT NULL,
    action_flag smallint NOT NULL,
    change_message text NOT NULL,
    content_type_id integer,
    user_id bigint NOT NULL,
    CONSTRAINT django_admin_log_action_flag_check CHECK ((action_flag >= 0))
);


ALTER TABLE public.django_admin_log OWNER TO avia;

--
-- Name: django_admin_log_id_seq; Type: SEQUENCE; Schema: public; Owner: avia
--

ALTER TABLE public.django_admin_log ALTER COLUMN id ADD GENERATED BY DEFAULT AS IDENTITY (
    SEQUENCE NAME public.django_admin_log_id_seq
    START WITH 1
    INCREMENT BY 1
    NO MINVALUE
    NO MAXVALUE
    CACHE 1
);


--
-- Name: django_content_type; Type: TABLE; Schema: public; Owner: avia
--

CREATE TABLE public.django_content_type (
    id integer NOT NULL,
    app_label character varying(100) NOT NULL,
    model character varying(100) NOT NULL
);


ALTER TABLE public.django_content_type OWNER TO avia;

--
-- Name: django_content_type_id_seq; Type: SEQUENCE; Schema: public; Owner: avia
--

ALTER TABLE public.django_content_type ALTER COLUMN id ADD GENERATED BY DEFAULT AS IDENTITY (
    SEQUENCE NAME public.django_content_type_id_seq
    START WITH 1
    INCREMENT BY 1
    NO MINVALUE
    NO MAXVALUE
    CACHE 1
);


--
-- Name: django_migrations; Type: TABLE; Schema: public; Owner: avia
--

CREATE TABLE public.django_migrations (
    id bigint NOT NULL,
    app character varying(255) NOT NULL,
    name character varying(255) NOT NULL,
    applied timestamp with time zone NOT NULL
);


ALTER TABLE public.django_migrations OWNER TO avia;

--
-- Name: django_migrations_id_seq; Type: SEQUENCE; Schema: public; Owner: avia
--

ALTER TABLE public.django_migrations ALTER COLUMN id ADD GENERATED BY DEFAULT AS IDENTITY (
    SEQUENCE NAME public.django_migrations_id_seq
    START WITH 1
    INCREMENT BY 1
    NO MINVALUE
    NO MAXVALUE
    CACHE 1
);


--
-- Name: django_session; Type: TABLE; Schema: public; Owner: avia
--

CREATE TABLE public.django_session (
    session_key character varying(40) NOT NULL,
    session_data text NOT NULL,
    expire_date timestamp with time zone NOT NULL
);


ALTER TABLE public.django_session OWNER TO avia;

--
-- Name: flight; Type: TABLE; Schema: public; Owner: avia
--

CREATE TABLE public.flight (
    id bigint NOT NULL,
    departure_time timestamp with time zone NOT NULL,
    arrival_time timestamp with time zone NOT NULL,
    price numeric(10,2) NOT NULL,
    aircraft_code_id bigint NOT NULL,
    arrival_airport_id bigint NOT NULL,
    departure_airport_id bigint NOT NULL
);


ALTER TABLE public.flight OWNER TO avia;

--
-- Name: flight_id_seq; Type: SEQUENCE; Schema: public; Owner: avia
--

ALTER TABLE public.flight ALTER COLUMN id ADD GENERATED BY DEFAULT AS IDENTITY (
    SEQUENCE NAME public.flight_id_seq
    START WITH 1
    INCREMENT BY 1
    NO MINVALUE
    NO MAXVALUE
    CACHE 1
);


--
-- Name: tariff; Type: TABLE; Schema: public; Owner: avia
--

CREATE TABLE public.tariff (
    id bigint NOT NULL,
    name character varying(50) NOT NULL
);


ALTER TABLE public.tariff OWNER TO avia;

--
-- Name: tariff_id_seq; Type: SEQUENCE; Schema: public; Owner: avia
--

ALTER TABLE public.tariff ALTER COLUMN id ADD GENERATED BY DEFAULT AS IDENTITY (
    SEQUENCE NAME public.tariff_id_seq
    START WITH 1
    INCREMENT BY 1
    NO MINVALUE
    NO MAXVALUE
    CACHE 1
);


--
-- Name: user; Type: TABLE; Schema: public; Owner: avia
--

CREATE TABLE public."user" (
    id bigint NOT NULL,
    password character varying(128) NOT NULL,
    last_login timestamp with time zone,
    is_superuser boolean NOT NULL,
    username character varying(150) NOT NULL,
    first_name character varying(150) NOT NULL,
    last_name character varying(150) NOT NULL,
    is_staff boolean NOT NULL,
    is_active boolean NOT NULL,
    date_joined timestamp with time zone NOT NULL,
    email character varying(254)
);


ALTER TABLE public."user" OWNER TO avia;

--
-- Name: user_groups; Type: TABLE; Schema: public; Owner: avia
--

CREATE TABLE public.user_groups (
    id bigint NOT NULL,
    user_id bigint NOT NULL,
    group_id integer NOT NULL
);


ALTER TABLE public.user_groups OWNER TO avia;

--
-- Name: user_groups_id_seq; Type: SEQUENCE; Schema: public; Owner: avia
--

ALTER TABLE public.user_groups ALTER COLUMN id ADD GENERATED BY DEFAULT AS IDENTITY (
    SEQUENCE NAME public.user_groups_id_seq
    START WITH 1
    INCREMENT BY 1
    NO MINVALUE
    NO MAXVALUE
    CACHE 1
);


--
-- Name: user_id_seq; Type: SEQUENCE; Schema: public; Owner: avia
--

ALTER TABLE public."user" ALTER COLUMN id ADD GENERATED BY DEFAULT AS IDENTITY (
    SEQUENCE NAME public.user_id_seq
    START WITH 1
    INCREMENT BY 1
    NO MINVALUE
    NO MAXVALUE
    CACHE 1
);


--
-- Name: user_user_permissions; Type: TABLE; Schema: public; Owner: avia
--

CREATE TABLE public.user_user_permissions (
    id bigint NOT NULL,
    user_id bigint NOT NULL,
    permission_id integer NOT NULL
);


ALTER TABLE public.user_user_permissions OWNER TO avia;

--
-- Name: user_user_permissions_id_seq; Type: SEQUENCE; Schema: public; Owner: avia
--

ALTER TABLE public.user_user_permissions ALTER COLUMN id ADD GENERATED BY DEFAULT AS IDENTITY (
    SEQUENCE NAME public.user_user_permissions_id_seq
    START WITH 1
    INCREMENT BY 1
    NO MINVALUE
    NO MAXVALUE
    CACHE 1
);


--
-- Data for Name: aircraft; Type: TABLE DATA; Schema: public; Owner: avia
--

COPY public.aircraft (id, model) FROM stdin;
1	Boeing 747-400
2	Boeing 777-300/-300ER
3	Boeing 737-900
4	Boeing 737-800
5	Аirbus A320
6	Airbus A319
7	Superjet 100 (RRJ-95)
\.


--
-- Data for Name: airport; Type: TABLE DATA; Schema: public; Owner: avia
--

COPY public.airport (id, airport_name, city, iata_code) FROM stdin;
1	Адлер	Сочи	AER
2	Симферополь	Симферополь	SIP
3	Пулково	Санкт-Петербург	LED
4	Внуково	Москва	VKO
5	Домодедово	Москва	DME
6	Шереметьево	Москва	SVO
7	Кневичи	Владивосток	VVO
8	Гумрак	Волгоград	VOG
9	Сокол	Магадан	GDX
10	Кольцово	Екатеринбург	SVX
\.


--
-- Data for Name: auth_group; Type: TABLE DATA; Schema: public; Owner: avia
--

COPY public.auth_group (id, name) FROM stdin;
1	Сотрудники
\.


--
-- Data for Name: auth_group_permissions; Type: TABLE DATA; Schema: public; Owner: avia
--

COPY public.auth_group_permissions (id, group_id, permission_id) FROM stdin;
1	1	32
2	1	33
3	1	34
4	1	35
5	1	36
6	1	24
7	1	28
8	1	29
9	1	30
10	1	31
\.


--
-- Data for Name: auth_permission; Type: TABLE DATA; Schema: public; Owner: avia
--

COPY public.auth_permission (id, name, content_type_id, codename) FROM stdin;
1	Can add log entry	1	add_logentry
2	Can change log entry	1	change_logentry
3	Can delete log entry	1	delete_logentry
4	Can view log entry	1	view_logentry
5	Can add permission	2	add_permission
6	Can change permission	2	change_permission
7	Can delete permission	2	delete_permission
8	Can view permission	2	view_permission
9	Can add group	3	add_group
10	Can change group	3	change_group
11	Can delete group	3	delete_group
12	Can view group	3	view_group
13	Can add content type	4	add_contenttype
14	Can change content type	4	change_contenttype
15	Can delete content type	4	delete_contenttype
16	Can view content type	4	view_contenttype
17	Can add session	5	add_session
18	Can change session	5	change_session
19	Can delete session	5	delete_session
20	Can view session	5	view_session
21	Can add Самолет	6	add_aircrafts
22	Can change Самолет	6	change_aircrafts
23	Can delete Самолет	6	delete_aircrafts
24	Can view Самолет	6	view_aircrafts
25	Can add Аэропорт	7	add_airports
26	Can change Аэропорт	7	change_airports
27	Can delete Аэропорт	7	delete_airports
28	Can view Аэропорт	7	view_airports
29	Can add Бронирование	8	add_booking
30	Can change Бронирование	8	change_booking
31	Can delete Бронирование	8	delete_booking
32	Can view Бронирование	8	view_booking
33	Can add Рейс	9	add_flights
34	Can change Рейс	9	change_flights
35	Can delete Рейс	9	delete_flights
36	Can view Рейс	9	view_flights
37	Can add Тариф	10	add_tariff
38	Can change Тариф	10	change_tariff
39	Can delete Тариф	10	delete_tariff
40	Can view Тариф	10	view_tariff
41	Can add Пользователя	11	add_user
42	Can change Пользователя	11	change_user
43	Can delete Пользователя	11	delete_user
44	Can view Пользователя	11	view_user
\.


--
-- Data for Name: booking; Type: TABLE DATA; Schema: public; Owner: avia
--

COPY public.booking (id, passengers, total_price, created_at, user_id, flight_id, tariff_id) FROM stdin;
17	2	15832.00	2024-12-19 16:54:12.237263+03	2	1	3
\.


--
-- Data for Name: django_admin_log; Type: TABLE DATA; Schema: public; Owner: avia
--

COPY public.django_admin_log (id, action_time, object_id, object_repr, action_flag, change_message, content_type_id, user_id) FROM stdin;
1	2024-12-19 12:49:52.227064+03	1	Эконом	1	[{"added": {}}]	10	1
2	2024-12-19 12:49:57.790066+03	2	Комфорт	1	[{"added": {}}]	10	1
3	2024-12-19 12:50:01.886615+03	3	Бизнес	1	[{"added": {}}]	10	1
4	2024-12-19 12:50:24.321977+03	1	Boeing 747-400	1	[{"added": {}}]	6	1
5	2024-12-19 12:50:35.7628+03	2	Boeing 777-300/-300ER	1	[{"added": {}}]	6	1
6	2024-12-19 12:50:43.276084+03	3	Boeing 737-900	1	[{"added": {}}]	6	1
7	2024-12-19 12:50:50.070592+03	4	Boeing 737-800	1	[{"added": {}}]	6	1
8	2024-12-19 12:50:57.877502+03	5	Аirbus A320	1	[{"added": {}}]	6	1
9	2024-12-19 12:51:04.497196+03	6	Airbus A319	1	[{"added": {}}]	6	1
10	2024-12-19 12:51:11.056405+03	7	Superjet 100 (RRJ-95)	1	[{"added": {}}]	6	1
11	2024-12-19 12:51:50.805856+03	7	Кневичи (VVO)	1	[{"added": {}}]	7	1
12	2024-12-19 12:52:04.480545+03	8	Гумрак (VOG)	1	[{"added": {}}]	7	1
13	2024-12-19 12:52:20.944035+03	9	Сокол (GDX)	1	[{"added": {}}]	7	1
14	2024-12-19 12:53:51.812197+03	1	Москва → Сочи (2024-12-27 12:30)	1	[{"added": {}}]	9	1
15	2024-12-19 12:55:02.815848+03	2	Москва → Сочи (2024-12-27 06:10)	1	[{"added": {}}]	9	1
16	2024-12-19 12:56:47.131883+03	3	Москва → Магадан (2025-01-06 08:30)	1	[{"added": {}}]	9	1
17	2024-12-19 12:57:47.870897+03	4	Магадан → Москва (2025-01-12 14:00)	1	[{"added": {}}]	9	1
18	2024-12-19 12:59:17.520415+03	5	Владивосток → Москва (2024-12-28 01:25)	1	[{"added": {}}]	9	1
19	2024-12-19 13:00:26.200008+03	6	Санкт-Петербург → Симферополь (2025-01-15 12:15)	1	[{"added": {}}]	9	1
20	2024-12-19 13:37:32.68154+03	9	Ticket for Москва → Сочи (2024-12-27 09:30) (Эконом) - 3958.00 ₽	3		8	1
21	2024-12-19 13:37:32.68154+03	8	Ticket for Москва → Сочи (2024-12-27 09:30) (Эконом) - 3958.00 ₽	3		8	1
22	2024-12-19 13:37:32.68154+03	6	Ticket for Москва → Сочи (2024-12-27 09:30) (Эконом) - 3958.00 ₽	3		8	1
23	2024-12-19 13:37:32.68154+03	5	Ticket for Москва → Сочи (2024-12-27 09:30) (Эконом) - 3958.00 ₽	3		8	1
24	2024-12-19 13:37:32.682539+03	4	Ticket for Москва → Сочи (2024-12-27 09:30) (Эконом) - 3958.00 ₽	3		8	1
25	2024-12-19 13:37:32.682539+03	3	Ticket for Москва → Сочи (2024-12-27 09:30) (Эконом) - 3958.00 ₽	3		8	1
26	2024-12-19 13:37:32.682539+03	2	Ticket for Москва → Сочи (2024-12-27 09:30) (Эконом) - 3958.00 ₽	3		8	1
27	2024-12-19 13:57:45.406054+03	15	Ticket for Москва → Сочи (2024-12-27 09:30) (Комфорт) - 11874.00 ₽	3		8	1
28	2024-12-19 13:57:45.406054+03	14	Ticket for Москва → Сочи (2024-12-27 09:30) (Эконом) - 11874.00 ₽	3		8	1
29	2024-12-19 13:57:45.406054+03	13	Ticket for Москва → Сочи (2024-12-27 09:30) (Эконом) - 3958.00 ₽	3		8	1
30	2024-12-19 13:57:45.406054+03	12	Ticket for Москва → Сочи (2024-12-27 09:30) (Эконом) - 0.00 ₽	3		8	1
31	2024-12-19 13:57:45.406054+03	11	Ticket for Москва → Сочи (2024-12-27 09:30) (Эконом) - 3958.00 ₽	3		8	1
32	2024-12-19 13:57:45.406054+03	10	Ticket for Москва → Сочи (2024-12-27 09:30) (Эконом) - 3958.00 ₽	3		8	1
33	2024-12-19 15:56:10.351456+03	1	Сотрудники	1	[{"added": {}}]	3	1
34	2024-12-19 15:57:07.327524+03	3	staff	1	[{"added": {}}]	11	1
35	2024-12-19 15:58:05.534997+03	3	staff	2	[{"changed": {"fields": ["Password"]}}]	11	1
36	2024-12-19 15:58:52.904178+03	3	staff	2	[{"changed": {"fields": ["Staff status"]}}]	11	1
37	2024-12-19 16:01:04.026075+03	3	staff	2	[]	11	1
38	2024-12-19 16:02:27.368968+03	3	staff	2	[{"changed": {"fields": ["User permissions", "Staff status"]}}]	11	1
39	2024-12-19 16:03:01.750157+03	3	staff	2	[{"changed": {"fields": ["\\u041f\\u043e\\u0447\\u0442\\u0430"]}}]	11	1
40	2024-12-19 16:04:15.976481+03	4	staff1	2	[{"changed": {"fields": ["Groups"]}}]	11	1
41	2024-12-19 17:16:36.869111+03	10	Кольцово (SVX)	1	[{"added": {}}]	7	1
42	2024-12-19 17:18:42.843038+03	8	Санкт-Петербург → Екатеринбург (2025-01-15 09:30)	1	[{"added": {}}]	9	1
43	2024-12-19 17:21:23.405574+03	9	Волгоград → Симферополь (2025-01-18 16:15)	1	[{"added": {}}]	9	1
\.


--
-- Data for Name: django_content_type; Type: TABLE DATA; Schema: public; Owner: avia
--

COPY public.django_content_type (id, app_label, model) FROM stdin;
1	admin	logentry
2	auth	permission
3	auth	group
4	contenttypes	contenttype
5	sessions	session
6	tickets	aircrafts
7	tickets	airports
8	tickets	booking
9	tickets	flights
10	tickets	tariff
11	users	user
\.


--
-- Data for Name: django_migrations; Type: TABLE DATA; Schema: public; Owner: avia
--

COPY public.django_migrations (id, app, name, applied) FROM stdin;
1	contenttypes	0001_initial	2024-12-19 12:46:15.720331+03
2	contenttypes	0002_remove_content_type_name	2024-12-19 12:46:15.726332+03
3	auth	0001_initial	2024-12-19 12:46:15.756222+03
4	auth	0002_alter_permission_name_max_length	2024-12-19 12:46:15.761222+03
5	auth	0003_alter_user_email_max_length	2024-12-19 12:46:15.767249+03
6	auth	0004_alter_user_username_opts	2024-12-19 12:46:15.772298+03
7	auth	0005_alter_user_last_login_null	2024-12-19 12:46:15.776847+03
8	auth	0006_require_contenttypes_0002	2024-12-19 12:46:15.778846+03
9	auth	0007_alter_validators_add_error_messages	2024-12-19 12:46:15.78383+03
10	auth	0008_alter_user_username_max_length	2024-12-19 12:46:15.788839+03
11	auth	0009_alter_user_last_name_max_length	2024-12-19 12:46:15.794533+03
12	auth	0010_alter_group_name_max_length	2024-12-19 12:46:15.80452+03
13	auth	0011_update_proxy_permissions	2024-12-19 12:46:15.808527+03
14	auth	0012_alter_user_first_name_max_length	2024-12-19 12:46:15.813522+03
15	users	0001_initial	2024-12-19 12:46:15.845523+03
16	admin	0001_initial	2024-12-19 12:46:15.864522+03
17	admin	0002_logentry_remove_auto_add	2024-12-19 12:46:15.869532+03
18	admin	0003_logentry_add_action_flag_choices	2024-12-19 12:46:15.875534+03
19	sessions	0001_initial	2024-12-19 12:46:15.884527+03
20	tickets	0001_initial	2024-12-19 12:46:15.902532+03
21	tickets	0002_initial	2024-12-19 12:46:15.939525+03
\.


--
-- Data for Name: django_session; Type: TABLE DATA; Schema: public; Owner: avia
--

COPY public.django_session (session_key, session_data, expire_date) FROM stdin;
3rlm6jg36n64txxxtpw1l2thgasjol0g	.eJxVjrsOwjAMRf8lM4patzWEkZ0_QIocO6HhkVZJOyH-HYIYYLmyfI-P_FAhJrrZOUf2aq_aAcyu102jNmqmUnw6-1zUHjZqoRxDsInuFTytTQ9Ss6NP-k_Kz8xvh6V1Ge1afLZRqv9_54ivPtVCLpTOk-YpLTk6XRH9bYs-TuJvhy_7JxipjPU6gPHbQVigw15McC0CYhAO1MLgDAuCQzQdEIYeOzO8f215t2XjSEA9X3PQVL8:1tOHHm:kZCxdRKa6R9CvmLrn2oSG70MvKqKRWfVSX0rNxSYm0A	2025-01-02 17:13:54.843891+03
\.


--
-- Data for Name: flight; Type: TABLE DATA; Schema: public; Owner: avia
--

COPY public.flight (id, departure_time, arrival_time, price, aircraft_code_id, arrival_airport_id, departure_airport_id) FROM stdin;
1	2024-12-27 12:30:00+03	2024-12-27 14:50:00+03	3958.00	1	1	4
3	2025-01-06 08:30:00+03	2025-01-06 16:10:00+03	38246.00	2	9	5
4	2025-01-12 14:00:00+03	2025-01-12 21:40:00+03	36478.00	2	5	9
6	2025-01-15 12:15:00+03	2025-01-15 15:48:00+03	8356.00	6	2	3
8	2025-01-15 09:30:00+03	2025-01-15 12:40:00+03	4005.00	4	10	3
9	2025-01-18 16:15:00+03	2025-01-18 18:05:00+03	5647.00	3	2	8
\.


--
-- Data for Name: tariff; Type: TABLE DATA; Schema: public; Owner: avia
--

COPY public.tariff (id, name) FROM stdin;
1	Эконом
2	Комфорт
3	Бизнес
\.


--
-- Data for Name: user; Type: TABLE DATA; Schema: public; Owner: avia
--

COPY public."user" (id, password, last_login, is_superuser, username, first_name, last_name, is_staff, is_active, date_joined, email) FROM stdin;
3	St12345aff_	\N	f	staff			f	t	2024-12-19 15:56:14+03	staff@gmail.com
4	pbkdf2_sha256$870000$JifjtGLO684YZPkQO2PPKi$DRCPq0bkR8ohTpsKuzW6X3MmnW2k03F+EpQ47aHAay4=	2024-12-19 16:04:33.667282+03	f	staff1	staff	stafford	f	t	2024-12-19 16:03:51+03	staff@gmail.com
2	pbkdf2_sha256$870000$eHgOnMwFxqFTd2gfwltrRF$c9/W1rWZAiSexJHagkFL2WGnUS6sZf+3Eer7S+6dKbM=	2024-12-19 16:52:32.007106+03	f	Grisha	Гриша	Мявкин	f	t	2024-12-19 12:48:51.569589+03	grsh@gmail.com
1	pbkdf2_sha256$870000$UX8pwJJgsoep5lWi9mjCc7$RQfz39GUVvxAqA4FIikpNSBXP+7KJNCK4olMMaTfw+Q=	2024-12-19 17:01:53.903225+03	t	admin	Наталья	Петракова	t	t	2024-12-19 12:46:35.103599+03	firefoxy31@yandex.ru
\.


--
-- Data for Name: user_groups; Type: TABLE DATA; Schema: public; Owner: avia
--

COPY public.user_groups (id, user_id, group_id) FROM stdin;
1	3	1
2	4	1
\.


--
-- Data for Name: user_user_permissions; Type: TABLE DATA; Schema: public; Owner: avia
--

COPY public.user_user_permissions (id, user_id, permission_id) FROM stdin;
1	3	32
2	3	33
3	3	34
4	3	35
5	3	36
6	3	29
7	3	30
8	3	31
\.


--
-- Name: aircraft_id_seq; Type: SEQUENCE SET; Schema: public; Owner: avia
--

SELECT pg_catalog.setval('public.aircraft_id_seq', 7, true);


--
-- Name: airport_id_seq; Type: SEQUENCE SET; Schema: public; Owner: avia
--

SELECT pg_catalog.setval('public.airport_id_seq', 10, true);


--
-- Name: auth_group_id_seq; Type: SEQUENCE SET; Schema: public; Owner: avia
--

SELECT pg_catalog.setval('public.auth_group_id_seq', 1, true);


--
-- Name: auth_group_permissions_id_seq; Type: SEQUENCE SET; Schema: public; Owner: avia
--

SELECT pg_catalog.setval('public.auth_group_permissions_id_seq', 10, true);


--
-- Name: auth_permission_id_seq; Type: SEQUENCE SET; Schema: public; Owner: avia
--

SELECT pg_catalog.setval('public.auth_permission_id_seq', 44, true);


--
-- Name: booking_id_seq; Type: SEQUENCE SET; Schema: public; Owner: avia
--

SELECT pg_catalog.setval('public.booking_id_seq', 18, true);


--
-- Name: django_admin_log_id_seq; Type: SEQUENCE SET; Schema: public; Owner: avia
--

SELECT pg_catalog.setval('public.django_admin_log_id_seq', 43, true);


--
-- Name: django_content_type_id_seq; Type: SEQUENCE SET; Schema: public; Owner: avia
--

SELECT pg_catalog.setval('public.django_content_type_id_seq', 11, true);


--
-- Name: django_migrations_id_seq; Type: SEQUENCE SET; Schema: public; Owner: avia
--

SELECT pg_catalog.setval('public.django_migrations_id_seq', 21, true);


--
-- Name: flight_id_seq; Type: SEQUENCE SET; Schema: public; Owner: avia
--

SELECT pg_catalog.setval('public.flight_id_seq', 9, true);


--
-- Name: tariff_id_seq; Type: SEQUENCE SET; Schema: public; Owner: avia
--

SELECT pg_catalog.setval('public.tariff_id_seq', 3, true);


--
-- Name: user_groups_id_seq; Type: SEQUENCE SET; Schema: public; Owner: avia
--

SELECT pg_catalog.setval('public.user_groups_id_seq', 2, true);


--
-- Name: user_id_seq; Type: SEQUENCE SET; Schema: public; Owner: avia
--

SELECT pg_catalog.setval('public.user_id_seq', 4, true);


--
-- Name: user_user_permissions_id_seq; Type: SEQUENCE SET; Schema: public; Owner: avia
--

SELECT pg_catalog.setval('public.user_user_permissions_id_seq', 8, true);


--
-- Name: aircraft aircraft_pkey; Type: CONSTRAINT; Schema: public; Owner: avia
--

ALTER TABLE ONLY public.aircraft
    ADD CONSTRAINT aircraft_pkey PRIMARY KEY (id);


--
-- Name: airport airport_iata_code_key; Type: CONSTRAINT; Schema: public; Owner: avia
--

ALTER TABLE ONLY public.airport
    ADD CONSTRAINT airport_iata_code_key UNIQUE (iata_code);


--
-- Name: airport airport_pkey; Type: CONSTRAINT; Schema: public; Owner: avia
--

ALTER TABLE ONLY public.airport
    ADD CONSTRAINT airport_pkey PRIMARY KEY (id);


--
-- Name: auth_group auth_group_name_key; Type: CONSTRAINT; Schema: public; Owner: avia
--

ALTER TABLE ONLY public.auth_group
    ADD CONSTRAINT auth_group_name_key UNIQUE (name);


--
-- Name: auth_group_permissions auth_group_permissions_group_id_permission_id_0cd325b0_uniq; Type: CONSTRAINT; Schema: public; Owner: avia
--

ALTER TABLE ONLY public.auth_group_permissions
    ADD CONSTRAINT auth_group_permissions_group_id_permission_id_0cd325b0_uniq UNIQUE (group_id, permission_id);


--
-- Name: auth_group_permissions auth_group_permissions_pkey; Type: CONSTRAINT; Schema: public; Owner: avia
--

ALTER TABLE ONLY public.auth_group_permissions
    ADD CONSTRAINT auth_group_permissions_pkey PRIMARY KEY (id);


--
-- Name: auth_group auth_group_pkey; Type: CONSTRAINT; Schema: public; Owner: avia
--

ALTER TABLE ONLY public.auth_group
    ADD CONSTRAINT auth_group_pkey PRIMARY KEY (id);


--
-- Name: auth_permission auth_permission_content_type_id_codename_01ab375a_uniq; Type: CONSTRAINT; Schema: public; Owner: avia
--

ALTER TABLE ONLY public.auth_permission
    ADD CONSTRAINT auth_permission_content_type_id_codename_01ab375a_uniq UNIQUE (content_type_id, codename);


--
-- Name: auth_permission auth_permission_pkey; Type: CONSTRAINT; Schema: public; Owner: avia
--

ALTER TABLE ONLY public.auth_permission
    ADD CONSTRAINT auth_permission_pkey PRIMARY KEY (id);


--
-- Name: booking booking_pkey; Type: CONSTRAINT; Schema: public; Owner: avia
--

ALTER TABLE ONLY public.booking
    ADD CONSTRAINT booking_pkey PRIMARY KEY (id);


--
-- Name: django_admin_log django_admin_log_pkey; Type: CONSTRAINT; Schema: public; Owner: avia
--

ALTER TABLE ONLY public.django_admin_log
    ADD CONSTRAINT django_admin_log_pkey PRIMARY KEY (id);


--
-- Name: django_content_type django_content_type_app_label_model_76bd3d3b_uniq; Type: CONSTRAINT; Schema: public; Owner: avia
--

ALTER TABLE ONLY public.django_content_type
    ADD CONSTRAINT django_content_type_app_label_model_76bd3d3b_uniq UNIQUE (app_label, model);


--
-- Name: django_content_type django_content_type_pkey; Type: CONSTRAINT; Schema: public; Owner: avia
--

ALTER TABLE ONLY public.django_content_type
    ADD CONSTRAINT django_content_type_pkey PRIMARY KEY (id);


--
-- Name: django_migrations django_migrations_pkey; Type: CONSTRAINT; Schema: public; Owner: avia
--

ALTER TABLE ONLY public.django_migrations
    ADD CONSTRAINT django_migrations_pkey PRIMARY KEY (id);


--
-- Name: django_session django_session_pkey; Type: CONSTRAINT; Schema: public; Owner: avia
--

ALTER TABLE ONLY public.django_session
    ADD CONSTRAINT django_session_pkey PRIMARY KEY (session_key);


--
-- Name: flight flight_pkey; Type: CONSTRAINT; Schema: public; Owner: avia
--

ALTER TABLE ONLY public.flight
    ADD CONSTRAINT flight_pkey PRIMARY KEY (id);


--
-- Name: tariff tariff_pkey; Type: CONSTRAINT; Schema: public; Owner: avia
--

ALTER TABLE ONLY public.tariff
    ADD CONSTRAINT tariff_pkey PRIMARY KEY (id);


--
-- Name: user_groups user_groups_pkey; Type: CONSTRAINT; Schema: public; Owner: avia
--

ALTER TABLE ONLY public.user_groups
    ADD CONSTRAINT user_groups_pkey PRIMARY KEY (id);


--
-- Name: user_groups user_groups_user_id_group_id_40beef00_uniq; Type: CONSTRAINT; Schema: public; Owner: avia
--

ALTER TABLE ONLY public.user_groups
    ADD CONSTRAINT user_groups_user_id_group_id_40beef00_uniq UNIQUE (user_id, group_id);


--
-- Name: user user_pkey; Type: CONSTRAINT; Schema: public; Owner: avia
--

ALTER TABLE ONLY public."user"
    ADD CONSTRAINT user_pkey PRIMARY KEY (id);


--
-- Name: user_user_permissions user_user_permissions_pkey; Type: CONSTRAINT; Schema: public; Owner: avia
--

ALTER TABLE ONLY public.user_user_permissions
    ADD CONSTRAINT user_user_permissions_pkey PRIMARY KEY (id);


--
-- Name: user_user_permissions user_user_permissions_user_id_permission_id_7dc6e2e0_uniq; Type: CONSTRAINT; Schema: public; Owner: avia
--

ALTER TABLE ONLY public.user_user_permissions
    ADD CONSTRAINT user_user_permissions_user_id_permission_id_7dc6e2e0_uniq UNIQUE (user_id, permission_id);


--
-- Name: user user_username_key; Type: CONSTRAINT; Schema: public; Owner: avia
--

ALTER TABLE ONLY public."user"
    ADD CONSTRAINT user_username_key UNIQUE (username);


--
-- Name: airport_iata_code_3c2be0dc_like; Type: INDEX; Schema: public; Owner: avia
--

CREATE INDEX airport_iata_code_3c2be0dc_like ON public.airport USING btree (iata_code varchar_pattern_ops);


--
-- Name: auth_group_name_a6ea08ec_like; Type: INDEX; Schema: public; Owner: avia
--

CREATE INDEX auth_group_name_a6ea08ec_like ON public.auth_group USING btree (name varchar_pattern_ops);


--
-- Name: auth_group_permissions_group_id_b120cbf9; Type: INDEX; Schema: public; Owner: avia
--

CREATE INDEX auth_group_permissions_group_id_b120cbf9 ON public.auth_group_permissions USING btree (group_id);


--
-- Name: auth_group_permissions_permission_id_84c5c92e; Type: INDEX; Schema: public; Owner: avia
--

CREATE INDEX auth_group_permissions_permission_id_84c5c92e ON public.auth_group_permissions USING btree (permission_id);


--
-- Name: auth_permission_content_type_id_2f476e4b; Type: INDEX; Schema: public; Owner: avia
--

CREATE INDEX auth_permission_content_type_id_2f476e4b ON public.auth_permission USING btree (content_type_id);


--
-- Name: booking_flight_id_f3e809e1; Type: INDEX; Schema: public; Owner: avia
--

CREATE INDEX booking_flight_id_f3e809e1 ON public.booking USING btree (flight_id);


--
-- Name: booking_tariff_id_7620cb42; Type: INDEX; Schema: public; Owner: avia
--

CREATE INDEX booking_tariff_id_7620cb42 ON public.booking USING btree (tariff_id);


--
-- Name: booking_user_id_1bd7cb6e; Type: INDEX; Schema: public; Owner: avia
--

CREATE INDEX booking_user_id_1bd7cb6e ON public.booking USING btree (user_id);


--
-- Name: django_admin_log_content_type_id_c4bce8eb; Type: INDEX; Schema: public; Owner: avia
--

CREATE INDEX django_admin_log_content_type_id_c4bce8eb ON public.django_admin_log USING btree (content_type_id);


--
-- Name: django_admin_log_user_id_c564eba6; Type: INDEX; Schema: public; Owner: avia
--

CREATE INDEX django_admin_log_user_id_c564eba6 ON public.django_admin_log USING btree (user_id);


--
-- Name: django_session_expire_date_a5c62663; Type: INDEX; Schema: public; Owner: avia
--

CREATE INDEX django_session_expire_date_a5c62663 ON public.django_session USING btree (expire_date);


--
-- Name: django_session_session_key_c0390e0f_like; Type: INDEX; Schema: public; Owner: avia
--

CREATE INDEX django_session_session_key_c0390e0f_like ON public.django_session USING btree (session_key varchar_pattern_ops);


--
-- Name: flight_aircraft_code_id_c7820c4c; Type: INDEX; Schema: public; Owner: avia
--

CREATE INDEX flight_aircraft_code_id_c7820c4c ON public.flight USING btree (aircraft_code_id);


--
-- Name: flight_arrival_airport_id_7f0abd34; Type: INDEX; Schema: public; Owner: avia
--

CREATE INDEX flight_arrival_airport_id_7f0abd34 ON public.flight USING btree (arrival_airport_id);


--
-- Name: flight_departure_airport_id_104f9079; Type: INDEX; Schema: public; Owner: avia
--

CREATE INDEX flight_departure_airport_id_104f9079 ON public.flight USING btree (departure_airport_id);


--
-- Name: user_groups_group_id_b76f8aba; Type: INDEX; Schema: public; Owner: avia
--

CREATE INDEX user_groups_group_id_b76f8aba ON public.user_groups USING btree (group_id);


--
-- Name: user_groups_user_id_abaea130; Type: INDEX; Schema: public; Owner: avia
--

CREATE INDEX user_groups_user_id_abaea130 ON public.user_groups USING btree (user_id);


--
-- Name: user_user_permissions_permission_id_9deb68a3; Type: INDEX; Schema: public; Owner: avia
--

CREATE INDEX user_user_permissions_permission_id_9deb68a3 ON public.user_user_permissions USING btree (permission_id);


--
-- Name: user_user_permissions_user_id_ed4a47ea; Type: INDEX; Schema: public; Owner: avia
--

CREATE INDEX user_user_permissions_user_id_ed4a47ea ON public.user_user_permissions USING btree (user_id);


--
-- Name: user_username_cf016618_like; Type: INDEX; Schema: public; Owner: avia
--

CREATE INDEX user_username_cf016618_like ON public."user" USING btree (username varchar_pattern_ops);


--
-- Name: auth_group_permissions auth_group_permissio_permission_id_84c5c92e_fk_auth_perm; Type: FK CONSTRAINT; Schema: public; Owner: avia
--

ALTER TABLE ONLY public.auth_group_permissions
    ADD CONSTRAINT auth_group_permissio_permission_id_84c5c92e_fk_auth_perm FOREIGN KEY (permission_id) REFERENCES public.auth_permission(id) DEFERRABLE INITIALLY DEFERRED;


--
-- Name: auth_group_permissions auth_group_permissions_group_id_b120cbf9_fk_auth_group_id; Type: FK CONSTRAINT; Schema: public; Owner: avia
--

ALTER TABLE ONLY public.auth_group_permissions
    ADD CONSTRAINT auth_group_permissions_group_id_b120cbf9_fk_auth_group_id FOREIGN KEY (group_id) REFERENCES public.auth_group(id) DEFERRABLE INITIALLY DEFERRED;


--
-- Name: auth_permission auth_permission_content_type_id_2f476e4b_fk_django_co; Type: FK CONSTRAINT; Schema: public; Owner: avia
--

ALTER TABLE ONLY public.auth_permission
    ADD CONSTRAINT auth_permission_content_type_id_2f476e4b_fk_django_co FOREIGN KEY (content_type_id) REFERENCES public.django_content_type(id) DEFERRABLE INITIALLY DEFERRED;


--
-- Name: booking booking_flight_id_f3e809e1_fk_flight_id; Type: FK CONSTRAINT; Schema: public; Owner: avia
--

ALTER TABLE ONLY public.booking
    ADD CONSTRAINT booking_flight_id_f3e809e1_fk_flight_id FOREIGN KEY (flight_id) REFERENCES public.flight(id) DEFERRABLE INITIALLY DEFERRED;


--
-- Name: booking booking_tariff_id_7620cb42_fk_tariff_id; Type: FK CONSTRAINT; Schema: public; Owner: avia
--

ALTER TABLE ONLY public.booking
    ADD CONSTRAINT booking_tariff_id_7620cb42_fk_tariff_id FOREIGN KEY (tariff_id) REFERENCES public.tariff(id) DEFERRABLE INITIALLY DEFERRED;


--
-- Name: booking booking_user_id_1bd7cb6e_fk_user_id; Type: FK CONSTRAINT; Schema: public; Owner: avia
--

ALTER TABLE ONLY public.booking
    ADD CONSTRAINT booking_user_id_1bd7cb6e_fk_user_id FOREIGN KEY (user_id) REFERENCES public."user"(id) DEFERRABLE INITIALLY DEFERRED;


--
-- Name: django_admin_log django_admin_log_content_type_id_c4bce8eb_fk_django_co; Type: FK CONSTRAINT; Schema: public; Owner: avia
--

ALTER TABLE ONLY public.django_admin_log
    ADD CONSTRAINT django_admin_log_content_type_id_c4bce8eb_fk_django_co FOREIGN KEY (content_type_id) REFERENCES public.django_content_type(id) DEFERRABLE INITIALLY DEFERRED;


--
-- Name: django_admin_log django_admin_log_user_id_c564eba6_fk_user_id; Type: FK CONSTRAINT; Schema: public; Owner: avia
--

ALTER TABLE ONLY public.django_admin_log
    ADD CONSTRAINT django_admin_log_user_id_c564eba6_fk_user_id FOREIGN KEY (user_id) REFERENCES public."user"(id) DEFERRABLE INITIALLY DEFERRED;


--
-- Name: flight flight_aircraft_code_id_c7820c4c_fk_aircraft_id; Type: FK CONSTRAINT; Schema: public; Owner: avia
--

ALTER TABLE ONLY public.flight
    ADD CONSTRAINT flight_aircraft_code_id_c7820c4c_fk_aircraft_id FOREIGN KEY (aircraft_code_id) REFERENCES public.aircraft(id) DEFERRABLE INITIALLY DEFERRED;


--
-- Name: flight flight_arrival_airport_id_7f0abd34_fk_airport_id; Type: FK CONSTRAINT; Schema: public; Owner: avia
--

ALTER TABLE ONLY public.flight
    ADD CONSTRAINT flight_arrival_airport_id_7f0abd34_fk_airport_id FOREIGN KEY (arrival_airport_id) REFERENCES public.airport(id) DEFERRABLE INITIALLY DEFERRED;


--
-- Name: flight flight_departure_airport_id_104f9079_fk_airport_id; Type: FK CONSTRAINT; Schema: public; Owner: avia
--

ALTER TABLE ONLY public.flight
    ADD CONSTRAINT flight_departure_airport_id_104f9079_fk_airport_id FOREIGN KEY (departure_airport_id) REFERENCES public.airport(id) DEFERRABLE INITIALLY DEFERRED;


--
-- Name: user_groups user_groups_group_id_b76f8aba_fk_auth_group_id; Type: FK CONSTRAINT; Schema: public; Owner: avia
--

ALTER TABLE ONLY public.user_groups
    ADD CONSTRAINT user_groups_group_id_b76f8aba_fk_auth_group_id FOREIGN KEY (group_id) REFERENCES public.auth_group(id) DEFERRABLE INITIALLY DEFERRED;


--
-- Name: user_groups user_groups_user_id_abaea130_fk_user_id; Type: FK CONSTRAINT; Schema: public; Owner: avia
--

ALTER TABLE ONLY public.user_groups
    ADD CONSTRAINT user_groups_user_id_abaea130_fk_user_id FOREIGN KEY (user_id) REFERENCES public."user"(id) DEFERRABLE INITIALLY DEFERRED;


--
-- Name: user_user_permissions user_user_permission_permission_id_9deb68a3_fk_auth_perm; Type: FK CONSTRAINT; Schema: public; Owner: avia
--

ALTER TABLE ONLY public.user_user_permissions
    ADD CONSTRAINT user_user_permission_permission_id_9deb68a3_fk_auth_perm FOREIGN KEY (permission_id) REFERENCES public.auth_permission(id) DEFERRABLE INITIALLY DEFERRED;


--
-- Name: user_user_permissions user_user_permissions_user_id_ed4a47ea_fk_user_id; Type: FK CONSTRAINT; Schema: public; Owner: avia
--

ALTER TABLE ONLY public.user_user_permissions
    ADD CONSTRAINT user_user_permissions_user_id_ed4a47ea_fk_user_id FOREIGN KEY (user_id) REFERENCES public."user"(id) DEFERRABLE INITIALLY DEFERRED;


--
-- PostgreSQL database dump complete
--

